domain,logo_file
aamco-bellevue.com,aamco-bellevue_com.png
aamco-chesapeakeva.com,aamco-chesapeakeva_com.png
aamco-councilbluffs.com,aamco-councilbluffs_com.png
aamco-newbraunfels.com,aamco-newbraunfels_com.png
aamco-omahasouth.com,aamco-omahasouth_com.png
aamco-omahawest.com,aamco-omahawest_com.png
aamco-taylorsvilleut.com,aamco-taylorsvilleut_com.png
aamcoalexandriava.com,aamcoalexandriava_com.png
aamcoanaheim.net,aamcoanaheim_net.png
aamcoastoria.com,aamcoastoria_com.png
aamcoathensga.com,aamcoathensga_com.png
aamcobloomfield.com,aamcobloomfield_com.png
aamcobrooklyn-ralphave.com,aamcobrooklyn-ralphave_com.png
aamcoburbank.com,aamcoburbank_com.png
aamcocatonsvillemd.com,aamcocatonsvillemd_com.png
aamcochannelviewtx.com,aamcochannelviewtx_com.png
aamcoclaymontde.com,aamcoclaymontde_com.png
aamcoconwaysc.com,aamcoconwaysc_com.png
aamcoconyersga.com,aamcoconyersga_com.png
aamcocorvallisor.com,aamcocorvallisor_com.png
aamcodelran.com,aamcodelran_com.png
aamcoeastmesa.com,aamcoeastmesa_com.png
aamcoeverett.com,aamcoeverett_com.png
aamcofeastervillepa.com,aamcofeastervillepa_com.png
aamcofortworth.com,aamcofortworth_com.png
aamcogastonianc.com,aamcogastonianc_com.png
aamcoglendaleoldtown.com,aamcoglendaleoldtown_com.png
aamcohialeahfl.com,aamcohialeahfl_com.png
aamcoinglewoodca.com,aamcoinglewoodca_com.png
aamcokcnorth.com,aamcokcnorth_com.png
aamcolasvegas.com,aamcolasvegas_com.png
aamcomesacountryclub.com,aamcomesacountryclub_com.png
aamcometuchen.com,aamcometuchen_com.png
aamcomissouricitytx.com,aamcomissouricitytx_com.png
aamcomorristown.com,aamcomorristown_com.png
aamconewwindsor.com,aamconewwindsor_com.png
aamcooaklandca.com,aamcooaklandca_com.png
aamcoparkvillemd.com,aamcoparkvillemd_com.png
aamcopasadenatx.com,aamcopasadenatx_com.png
aamcopembroke.com,aamcopembroke_com.png
aamcophoenixnortheast.com,aamcophoenixnortheast_com.png
aamcopinevillenc.com,aamcopinevillenc_com.png
aamcopompanobeach.com,aamcopompanobeach_com.png
aamcopottstownpa.com,aamcopottstownpa_com.png
aamcoroslindalema.com,aamcoroslindalema_com.png
aamcosalemor.com,aamcosalemor_com.png
aamcosantaclaritaca.com,aamcosantaclaritaca_com.png
aamcosantarosa.com,aamcosantarosa_com.png
aamcoseattlewa.com,aamcoseattlewa_com.png
aamcoseguin.com,aamcoseguin_com.png
aamcosignalhill.com,aamcosignalhill_com.png
aamcosilverspringmd.com,aamcosilverspringmd_com.png
aamcosouthloopautorepair.com,aamcosouthloopautorepair_com.png
aamcosuffolkva.com,aamcosuffolkva_com.png
aamcotempe.com,aamcotempe_com.png
aamcotigard.com,aamcotigard_com.png
aamcotulsa-brokenarrow.com,aamcotulsa-brokenarrow_com.png
aamcotulsa-memorial.com,aamcotulsa-memorial_com.png
aamcovirginiabeachva.com,aamcovirginiabeachva_com.png
aamcowarrenmi.com,aamcowarrenmi_com.png
aamcowestbroward.com,aamcowestbroward_com.png
aamcowestpalmbeach.com,aamcowestpalmbeach_com.png
aamcowilliamsportpa.com,aamcowilliamsportpa_com.png
aamcowintervillenc.com,aamcowintervillenc_com.png
aamcowoodbridgeva.com,aamcowoodbridgeva_com.png
aamcowsa.com,aamcowsa_com.png
actemium.at,actemium_at.png
actemium.ch,actemium_ch.png
actemium.com,actemium_com.png
actemium.pt,actemium_pt.png
actemium.sk,actemium_sk.png
actemium.us,actemium_us.png
adecco.co.th,adecco_co_th.png
adlatus-nordwestschweiz.ch,adlatus-nordwestschweiz_ch.png
adra.org.pe,adra_org_pe.png
aiesec.ba,aiesec_ba.png
airbnb.rs.favicon,airbnb_rs_favicon.png
algeco.sk,algeco_sk.png
amnesty.hu,amnesty_hu.png
anderson-negele-gmbh.ru,anderson-negele-gmbh_ru.png
aonsolutions.com.cy,aonsolutions_com_cy.png
aonsolutions.com.tr,aonsolutions_com_tr.png
applebees.com.gt,applebees_com_gt.png
ardex.at,ardex_at.png
ardex.com.tw,ardex_com_tw.png
ardex.de,ardex_de.png
ardex.dk,ardex_dk.png
arkaybeverages.com,arkaybeverages_com.png
atalian.com.tr,atalian_com_tr.png
atalian.pl,atalian_pl.png
avia-belgomine.be,avia-belgomine_be.png
avia.ch.favicon,avia_ch_favicon.png
avisng.com,avisng_com.png
axa-assistance.ma,axa-assistance_ma.png
axa.dz,axa_dz.png
babble.com,babble_com.png
bakertilly.bg,bakertilly_bg.png
bakertilly.cl,bakertilly_cl.png
bakertilly.fr,bakertilly_fr.png
bakertilly.ke.favicon,bakertilly_ke_favicon.png
bakertilly.lk,bakertilly_lk.png
bakertilly.mt,bakertilly_mt.png
bauder.at,bauder_at.png
bauwerk-group.hr,bauwerk-group_hr.png
baywa-re.es,baywa-re_es.png
baywa-re.pl,baywa-re_pl.png
baywa-re.vn,baywa-re_vn.png
bbraun.ae,bbraun_ae.png
bbraun.ca,bbraun_ca.png
bbraun.co,bbraun_co.png
bbraun.com.vn,bbraun_com_vn.png
bbraun.co.kr,bbraun_co_kr.png
bbraun.co.uk,bbraun_co_uk.png
bbraun.lt,bbraun_lt.png
bbraun.ph,bbraun_ph.png
bbraun.pt,bbraun_pt.png
bbraun.rs,bbraun_rs.png
bbraun.ru,bbraun_ru.png
bbraun.se,bbraun_se.png
berlitz-augsburg.de,berlitz-augsburg_de.png
berlitz-dublin.ie,berlitz-dublin_ie.png
berlitzph.com,berlitzph_com.png
berlitz.com.py,berlitz_com_py.png
besins-healthcare.com.mx,besins-healthcare_com_mx.png
besins-healthcare.nl,besins-healthcare_nl.png
besins-healthcare.se,besins-healthcare_se.png
bestrucksofmn.net,bestrucksofmn_net.png
billygraham.ca,billygraham_ca.png
bioderma-sk.com,bioderma-sk_com.png
bioderma.co.za.favicon,bioderma_co_za_favicon.png
bmw-motorrad-euromotos-lyon.fr,bmw-motorrad-euromotos-lyon_fr.png
bonprix.nl.favicon,bonprix_nl_favicon.png
brother-industrial.com,brother-industrial_com.png
brother-slovakia.sk,brother-slovakia_sk.png
budget.co.ao,budget_co_ao.png
buydaikin.ro,buydaikin_ro.png
carglass.dk,carglass_dk.png
casaaurorasupermercados.com.br,casaaurorasupermercados_com_br.png
caspak.co.nz,caspak_co_nz.png
castsoftware.it,castsoftware_it.png
catsprotectionshop.co.uk,catsprotectionshop_co_uk.png
ccusa.ca,ccusa_ca.png
ccusa.com.au,ccusa_com_au.png
ccusa.co.nz,ccusa_co_nz.png
ccusa.hu,ccusa_hu.png
cdu-aldenhoven.de,cdu-aldenhoven_de.png
cfmotoperu.com.favicon,cfmotoperu_com_favicon.png
childrenandteendentalfl.com,childrenandteendentalfl_com.png
chip.pl.favicon,chip_pl_favicon.png
colorflexpackaging.com,colorflexpackaging_com.png
compo.de,compo_de.png
culliganwatercorrections.com,culliganwatercorrections_com.png
cuponesybeneficios.com.co,cuponesybeneficios_com_co.png
cvjm-hemer.de,cvjm-hemer_de.png
cvjm-muensingen.de,cvjm-muensingen_de.png
cvjm-pfalz.de,cvjm-pfalz_de.png
daikincareers.com,daikincareers_com.png
daikinchemicals.com,daikinchemicals_com.png
daikineastafrica.com,daikineastafrica_com.png
daikinitalyshop.it,daikinitalyshop_it.png
daikintexastechnologypark.com,daikintexastechnologypark_com.png
daikin.com.vn.favicon,daikin_com_vn_favicon.png
dairyqueenobx.com,dairyqueenobx_com.png
deheus.com.vn,deheus_com_vn.png
deheus.pl,deheus_pl.png
demeter.at,demeter_at.png
demeter.ch,demeter_ch.png
dennert.pl,dennert_pl.png
dertour.sk,dertour_sk.png
drekopf-kanalservice.de,drekopf-kanalservice_de.png
dulux.co.zw,dulux_co_zw.png
duracleanrestoration.com,duracleanrestoration_com.png
duracleanservicebybob.com,duracleanservicebybob_com.png
ebay.cn,ebay_cn.png
einhell.ba,einhell_ba.png
einhell.ch,einhell_ch.png
einhell.com.ar,einhell_com_ar.png
einhell.hr,einhell_hr.png
engenmauritius.com,engenmauritius_com.png
engie.pt,engie_pt.png
entergy-neworleans.com,entergy-neworleans_com.png
esseskincare.nl,esseskincare_nl.png
esseskincare.no,esseskincare_no.png
esseskincare.sg,esseskincare_sg.png
europa-union-diepholz.de,europa-union-diepholz_de.png
europa-union-niedersachsen.de,europa-union-niedersachsen_de.png
europa-union-sachsen-anhalt.de,europa-union-sachsen-anhalt_de.png
europa-union-thueringen.de,europa-union-thueringen_de.png
flashbay.ca,flashbay_ca.png
flashbay.com.my,flashbay_com_my.png
flashbay.co.nz,flashbay_co_nz.png
flashbay.fr,flashbay_fr.png
flashbay.no,flashbay_no.png
fmc-mexico.com,fmc-mexico_com.png
fordmediacenter.nl,fordmediacenter_nl.png
foxinabox.mx,foxinabox_mx.png
freseniuskidneycare.ph,freseniuskidneycare_ph.png
freseniusmedicalcare.ca,freseniusmedicalcare_ca.png
glintinc.com,glintinc_com.png
grantthornton.com.sv.favicon,grantthornton_com_sv_favicon.png
greatplacetowork.com.vn,greatplacetowork_com_vn.png
greatplacetowork.se,greatplacetowork_se.png
gs1hu.org,gs1hu_org.png
gs1.at,gs1_at.png
gulfoilltd.com,gulfoilltd_com.png
habitatns.ca,habitatns_ca.png
hertz-autopozicovna.sk,hertz-autopozicovna_sk.png
hertz.com.ge,hertz_com_ge.png
hondasemarangcenter.com,hondasemarangcenter_com.png
honda.cl,honda_cl.png
howdensafetysolutions.com,howdensafetysolutions_com.png
humanasecondhand.se,humanasecondhand_se.png
immunospot.eu,immunospot_eu.png
intersport-arc1950.com,intersport-arc1950_com.png
intersport-arvieux.com,intersport-arvieux_com.png
intersport-courchevel1850.com,intersport-courchevel1850_com.png
intersport-grandbornand.com,intersport-grandbornand_com.png
intersport-martinique-guadeloupe.fr,intersport-martinique-guadeloupe_fr.png
intersport-risoul.com,intersport-risoul_com.png
intertongn.es,intertongn_es.png
isic.de,isic_de.png
isover.com.br,isover_com_br.png
isover.cz,isover_cz.png
isover.hu,isover_hu.png
isover.it,isover_it.png
isover.se,isover_se.png
isover.sk,isover_sk.png
isover.ua,isover_ua.png
job-impulse.hu,job-impulse_hu.png
julis-mfr.de,julis-mfr_de.png
julis-muenchen.de,julis-muenchen_de.png
julis-nuernberg.de,julis-nuernberg_de.png
julis-sh.de,julis-sh_de.png
kapanfastigheter.se.favicon,kapanfastigheter_se_favicon.png
kawasaki-seufert.de,kawasaki-seufert_de.png
kia-bachmann-wehretal.de,kia-bachmann-wehretal_de.png
kia-brass-frankfurt.de,kia-brass-frankfurt_de.png
kia-christ-ansbach.de,kia-christ-ansbach_de.png
kia-ci.com,kia-ci_com.png
kia-crimea.ru,kia-crimea_ru.png
kia-diamant-wiesbaden.de,kia-diamant-wiesbaden_de.png
kia-gj-remagen-rolandseck.de,kia-gj-remagen-rolandseck_de.png
kia-gorny-eislingen.de,kia-gorny-eislingen_de.png
kia-hotz-gardelegen.de,kia-hotz-gardelegen_de.png
kia-koenig-teltow.de,kia-koenig-teltow_de.png
kia-kurt-recklinghausen.de,kia-kurt-recklinghausen_de.png
kia-moeller-eisenach.de,kia-moeller-eisenach_de.png
kia-moeller-wunstorf.de,kia-moeller-wunstorf_de.png
kia-mueller-genthin.de,kia-mueller-genthin_de.png
kia-penning-zetelneuenburg.de,kia-penning-zetelneuenburg_de.png
kia-plt.ru.favicon,kia-plt_ru_favicon.png
kia-strehle-dresden.de,kia-strehle-dresden_de.png
kia-suedmobile-radolfzell.de,kia-suedmobile-radolfzell_de.png
kiacadca.sk,kiacadca_sk.png
kiaonline.dk,kiaonline_dk.png
kia.com.np,kia_com_np.png
kilewswest.com,kilewswest_com.png
kuestarubber.com,kuestarubber_com.png
kumonla.com,kumonla_com.png
kumon.com.hk,kumon_com_hk.png
lamborghini-berlin.com,lamborghini-berlin_com.png
lamborghini-zh.ch,lamborghini-zh_ch.png
landermitsubishi.com.au,landermitsubishi_com_au.png
linde-finance.com,linde-finance_com.png
linde-gas.com,linde-gas_com.png
lindeoilandgas.com,lindeoilandgas_com.png
linde.bo,linde_bo.png
linde.pe,linde_pe.png
linexcoloradosprings.com,linexcoloradosprings_com.png
linexofmacon.com,linexofmacon_com.png
linexps.com,linexps_com.png
linexswfl.com,linexswfl_com.png
mapfre.com.ni,mapfre_com_ni.png
mapfre.com.py,mapfre_com_py.png
mapfre.com.sv,mapfre_com_sv.png
mapfre.pr,mapfre_pr.png
mazda-autohaus-banaszak-kleve.de.favicon,mazda-autohaus-banaszak-kleve_de_favicon.png
mazda-autohaus-becker-homburg-bruchhof.de.favicon,mazda-autohaus-becker-homburg-bruchhof_de_favicon.png
mazda-autohaus-blank-dinkelsbuehl.de.favicon,mazda-autohaus-blank-dinkelsbuehl_de_favicon.png
mazda-autohaus-buelo-naumburg.de.favicon,mazda-autohaus-buelo-naumburg_de_favicon.png
mazda-autohaus-dorner-riedlingen.de.favicon,mazda-autohaus-dorner-riedlingen_de_favicon.png
mazda-autohaus-elstner-jena.de.favicon,mazda-autohaus-elstner-jena_de_favicon.png
mazda-autohaus-fenzl-hauzenberg.de.favicon,mazda-autohaus-fenzl-hauzenberg_de_favicon.png
mazda-autohaus-haese-erkrath-hochdahl.de.favicon,mazda-autohaus-haese-erkrath-hochdahl_de_favicon.png
mazda-autohaus-hansmann-kassel.de.favicon,mazda-autohaus-hansmann-kassel_de_favicon.png
mazda-autohaus-hellwig-hoyerswerda.de.favicon,mazda-autohaus-hellwig-hoyerswerda_de_favicon.png
mazda-autohaus-henseler-schwedt.de.favicon,mazda-autohaus-henseler-schwedt_de_favicon.png
mazda-autohaus-kaschmieder-waren.de.favicon,mazda-autohaus-kaschmieder-waren_de_favicon.png
mazda-autohaus-kilger-regen.de.favicon,mazda-autohaus-kilger-regen_de_favicon.png
mazda-autohaus-lackmann-sendenhorst.de.favicon,mazda-autohaus-lackmann-sendenhorst_de_favicon.png
mazda-autohaus-ludwig-halle-neustadt.de.favicon,mazda-autohaus-ludwig-halle-neustadt_de_favicon.png
mazda-autohaus-roessel-birkenau.de.favicon,mazda-autohaus-roessel-birkenau_de_favicon.png
mazda-autohaus-sturne-grimma.de.favicon,mazda-autohaus-sturne-grimma_de_favicon.png
mazda-autohaus-sturne-rochlitz.de.favicon,mazda-autohaus-sturne-rochlitz_de_favicon.png
mazda-autohaus-tabbouch-speyer.de.favicon,mazda-autohaus-tabbouch-speyer_de_favicon.png
mazda-autohaus-wassing-ahaus-wuellen.de.favicon,mazda-autohaus-wassing-ahaus-wuellen_de_favicon.png
mazda-ma.com,mazda-ma_com.png
mazda-poznan-voyager.pl,mazda-poznan-voyager_pl.png
mazda-press.com,mazda-press_com.png
mazda-rzeszow-czach.pl,mazda-rzeszow-czach_pl.png
mazda-service-koch-ludwigsfelde.de.favicon,mazda-service-koch-ludwigsfelde_de_favicon.png
mazda-sosnowiec-mirai.pl,mazda-sosnowiec-mirai_pl.png
mazda-tarnowskiegory-mirai.pl,mazda-tarnowskiegory-mirai_pl.png
mazda-warszawa-bemomotors.pl,mazda-warszawa-bemomotors_pl.png
mazdabali.co.id,mazdabali_co_id.png
mazda.al,mazda_al.png
mazda.com.ec,mazda_com_ec.png
mazda.de.favicon,mazda_de_favicon.png
mazda.fi,mazda_fi.png
mazda.lt,mazda_lt.png
mazda.ua,mazda_ua.png
medef-ain.fr,medef-ain_fr.png
medef-alsace.com,medef-alsace_com.png
medef-artois.fr,medef-artois_fr.png
medef-bearnetsoule.com,medef-bearnetsoule_com.png
medef-beziers.fr,medef-beziers_fr.png
medef-corse.com,medef-corse_com.png
medef-essonne.org,medef-essonne_org.png
medef-sarthe.fr,medef-sarthe_fr.png
meggle-bakery.com.favicon,meggle-bakery_com_favicon.png
meggle.co.jp.favicon,meggle_co_jp_favicon.png
menicon.com.au,menicon_com_au.png
menicon.de,menicon_de.png
menicon.nl,menicon_nl.png
metlife.cl,metlife_cl.png
metlife.com.au,metlife_com_au.png
metlife.com.cy,metlife_com_cy.png
miniso-au.com,miniso-au_com.png
minisoindia.com,minisoindia_com.png
miniso.nc,miniso_nc.png
misterwhat.nl,misterwhat_nl.png
misterwhat.pl,misterwhat_pl.png
misterwhat.pt,misterwhat_pt.png
mitsubishielectric.cz.favicon,mitsubishielectric_cz_favicon.png
modshair-nuernberg.de,modshair-nuernberg_de.png
modshair.co.nz,modshair_co_nz.png
msd-animal-health.pt,msd-animal-health_pt.png
murrelektronik.be,murrelektronik_be.png
murrelektronik.es,murrelektronik_es.png
murrelektronik.fi,murrelektronik_fi.png
murrelektronik.hu,murrelektronik_hu.png
murrelektronik.kr,murrelektronik_kr.png
murrelektronik.no,murrelektronik_no.png
murrelektronik.se,murrelektronik_se.png
murrelektronik.sk,murrelektronik_sk.png
murrelektronik.uk,murrelektronik_uk.png
muvpropiedades.com.ar,muvpropiedades_com_ar.png
myron.ca,myron_ca.png
nikonclub.fr,nikonclub_fr.png
nikon.com.sg,nikon_com_sg.png
nissantireadvantage.com,nissantireadvantage_com.png
nobleprog.com.eg,nobleprog_com_eg.png
nobleprog.co.th,nobleprog_co_th.png
nobleprog.mx,nobleprog_mx.png
nobleprog.ro,nobleprog_ro.png
noiseassessments.org,noiseassessments_org.png
ohb-system.de,ohb-system_de.png
ophitusa.com,ophitusa_com.png
orange.cm,orange_cm.png
orient-food.sk,orient-food_sk.png
papasaveriospizzeria.com.favicon,papasaveriospizzeria_com_favicon.png
pcllawyersfrankston.com.au,pcllawyersfrankston_com_au.png
pilotpen.co.th,pilotpen_co_th.png
pingusenglish.ac.th,pingusenglish_ac_th.png
pingusenglish.com.cy,pingusenglish_com_cy.png
pingusenglish.ps,pingusenglish_ps.png
pirtek.be,pirtek_be.png
pirtek.ie,pirtek_ie.png
pirtek.se,pirtek_se.png
pkffinconta.ro,pkffinconta_ro.png
pkf.com.tr,pkf_com_tr.png
pkf.co.in,pkf_co_in.png
pkf.jo,pkf_jo.png
plameco-hannover.de,plameco-hannover_de.png
printsasia.com,printsasia_com.png
rationalstock.es,rationalstock_es.png
reedglobal.bg,reedglobal_bg.png
reedglobal.hu,reedglobal_hu.png
reedglobal.pl,reedglobal_pl.png
reedglobal.sg,reedglobal_sg.png
regalsprings.com.mx,regalsprings_com_mx.png
remax-buchholz.de,remax-buchholz_de.png
remax-pinneberg.de,remax-pinneberg_de.png
renault-argenteuil.fr,renault-argenteuil_fr.png
renaulttersa.com.mx,renaulttersa_com_mx.png
renault.com.my,renault_com_my.png
repsol.in.ua,repsol_in_ua.png
roca.co.th,roca_co_th.png
roca.it,roca_it.png
rotary-bulgaria.org,rotary-bulgaria_org.png
rotary-club-paris-se.org,rotary-club-paris-se_org.png
rotaryclubofessex.com,rotaryclubofessex_com.png
rotary.hr,rotary_hr.png
rsmpoland.pl,rsmpoland_pl.png
rsmthailand.com,rsmthailand_com.png
rubiomonocoatusa.com,rubiomonocoatusa_com.png
rubiomonocoat.com.au,rubiomonocoat_com_au.png
rutscherlebnis.at,rutscherlebnis_at.png
sans-sans.com.my,sans-sans_com_my.png
santillana.com.hn,santillana_com_hn.png
santillana.com.sv,santillana_com_sv.png
santillana.com.uy,santillana_com_uy.png
seasonsrehab.in.favicon,seasonsrehab_in_favicon.png
secureparkinghi.com,secureparkinghi_com.png
secureparking.co.id,secureparking_co_id.png
shahshalalfood.com,shahshalalfood_com.png
siebtechnik-tema.cn,siebtechnik-tema_cn.png
sitechnorthwest.com,sitechnorthwest_com.png
sixty8.ro,sixty8_ro.png
snapologyfranchising.com,snapologyfranchising_com.png
solatube.se,solatube_se.png
specialolympics.com.au,specialolympics_com_au.png
spitexaadorf.ch,spitexaadorf_ch.png
stampinup.ca,stampinup_ca.png
statkraft.ie,statkraft_ie.png
stocanada.com,stocanada_com.png
storisell.com,storisell_com.png
sto.hr.favicon,sto_hr_favicon.png
strabag-pfs.com,strabag-pfs_com.png
subaru-bd.com,subaru-bd_com.png
subaru.com.np,subaru_com_np.png
subaru.com.pa,subaru_com_pa.png
subaru.com.tr,subaru_com_tr.png
subaru.jp,subaru_jp.png
subaru.nc,subaru_nc.png
svnefird.com,svnefird_com.png
synergie.com,synergie_com.png
synlab.com.gh,synlab_com_gh.png
synlab.hr,synlab_hr.png
techtel.com.sg,techtel_com_sg.png
tgmresearch.vn,tgmresearch_vn.png
thebodyshop.si,thebodyshop_si.png
titancontainers.co.nz,titancontainers_co_nz.png
titancontainers.dk,titancontainers_dk.png
titancontainers.us,titancontainers_us.png
toofacedcosmetics.jp,toofacedcosmetics_jp.png
toyota-bornholm.dk,toyota-bornholm_dk.png
toyota-indus.com,toyota-indus_com.png
toyota-marseille.com,toyota-marseille_com.png
toyota-s.co.il,toyota-s_co_il.png
toyotaakkoyunlu.com.tr,toyotaakkoyunlu_com_tr.png
toyotaaktoy.com.tr,toyotaaktoy_com_tr.png
toyotabakircilarfethiye.com.tr,toyotabakircilarfethiye_com_tr.png
toyotabucurestinord.ro,toyotabucurestinord_ro.png
toyotacavdarli.com.tr,toyotacavdarli_com_tr.png
toyotaconstanta.ro,toyotaconstanta_ro.png
toyotaelpa.com.tr,toyotaelpa_com_tr.png
toyotagocmenturk.com.tr,toyotagocmenturk_com_tr.png
toyotagoktepe.com.tr,toyotagoktepe_com_tr.png
toyotakar.com.tr,toyotakar_com_tr.png
toyotamezcar.com.tr,toyotamezcar_com_tr.png
toyotamici.com.tr,toyotamici_com_tr.png
toyotanatas.com.tr,toyotanatas_com_tr.png
toyotaotojen.com.tr,toyotaotojen_com_tr.png
toyotasamlioglu.com.tr,toyotasamlioglu_com_tr.png
toyotasandikci.com.tr,toyotasandikci_com_tr.png
toyotasarar.com.tr,toyotasarar_com_tr.png
toyotatokullar.com.tr,toyotatokullar_com_tr.png
toysrus.com.ph,toysrus_com_ph.png
toysrus.fr,toysrus_fr.png
trijit.uk,trijit_uk.png
trinkgutlippstadt.de,trinkgutlippstadt_de.png
tupperware.co.kr,tupperware_co_kr.png
urmet.com.br,urmet_com_br.png
vbh.be,vbh_be.png
veoliawatertechnologies.de,veoliawatertechnologies_de.png
veoliawatertechnologies.es,veoliawatertechnologies_es.png
veoliawatertechnologies.fi,veoliawatertechnologies_fi.png
veoliawatertechnologies.fr,veoliawatertechnologies_fr.png
veoliawatertechnologies.it,veoliawatertechnologies_it.png
veoliawatertechnologies.pl,veoliawatertechnologies_pl.png
veoliawatertech.com,veoliawatertech_com.png
veolia.am,veolia_am.png
veolia.bg,veolia_bg.png
veolia.ca,veolia_ca.png
veolia.com.gh,veolia_com_gh.png
veolia.com.ru,veolia_com_ru.png
veolia.com.sg,veolia_com_sg.png
veolia.co.za,veolia_co_za.png
veolia.fi,veolia_fi.png
veolia.fr,veolia_fr.png
veolia.in,veolia_in.png
veolia.ma,veolia_ma.png
veolia.pl,veolia_pl.png
veolia.pt,veolia_pt.png
veolia.sk,veolia_sk.png
viacon.no,viacon_no.png
victorsport.com.tw,victorsport_com_tw.png
virtual-reality.school,virtual-reality_school.png
vkf-renzel.com.tr,vkf-renzel_com_tr.png
vkf-renzel.cz,vkf-renzel_cz.png
vkf-renzel.fr,vkf-renzel_fr.png
vkf-renzel.ro,vkf-renzel_ro.png
webster.nl,webster_nl.png
whirlpool.com.hk,whirlpool_com_hk.png
williamblairfunds.com,williamblairfunds_com.png
wordans.de,wordans_de.png
worldvision.cl,worldvision_cl.png
wuerth.com.hr,wuerth_com_hr.png
wuerth.co.jp,wuerth_co_jp.png
wurth-international.com.cn,wurth-international_com_cn.png
wurthsaudi.com,wurthsaudi_com.png
wurth.com.do,wurth_com_do.png
wurth.co.favicon,wurth_co_favicon.png
wurth.fi,wurth_fi.png
wwf.es,wwf_es.png
wwf.org,wwf_org.png
wwf.or.th,wwf_or_th.png
ymca-cnw.org,ymca-cnw_org.png
ymcawaycross.com,ymcawaycross_com.png
yonyou.com.hk,yonyou_com_hk.png
zalando.cz.favicon,zalando_cz_favicon.png
zktecoma.com.favicon,zktecoma_com_favicon.png
zkteco.co.za,zkteco_co_za.png
zkteco.vn,zkteco_vn.png
